,iptat_intercept,iptat_slope,iptat_rvalue,vctat_intercept,vctat_slope,vctat_rvalue,name,type,time,OK
0,3.048778553660961e-05,-4.3623034435653916e-06,-0.6237292648680253,68.66680907233574,0.4384028971668861,0.7905283292414477,tran_SchGtKttTtVt,Sch,Thu Feb 26 21:14:18 2026,False
