,iptat_intercept,iptat_slope,iptat_rvalue,vctat_intercept,vctat_slope,vctat_rvalue,i_act_25,i_leak_25,name,type,time,OK
0,1.8263734906103286,0.004470012541918175,0.9999341801389966,727.0482987089201,-1.8526451945003346,-0.9999778592594805,51.60228,0.21717309999999998,tran_SchGtKttTtVt,Sch,Mon Mar 16 21:56:44 2026,False
