,iptat_intercept,iptat_slope,iptat_rvalue,vctat_intercept,vctat_slope,vctat_rvalue,i_act_25,i_leak_25,name,type,time,OK
0,1.8263427124413145,0.004470673004694837,0.9999314575004067,727.0444624413146,-1.8525651240778,-0.9999775382053575,51.60222,0.8993049,tran_SchGtKttTtVt,Sch,Mon Mar 16 21:25:28 2026,False
