,iptat_intercept,iptat_slope,iptat_rvalue,vctat_intercept,vctat_slope,vctat_rvalue,i_act_25,i_leak_25,name,type,time,OK
0,1.7751003779342722,0.003996523608316567,0.999681261747788,726.3001578638497,-1.860838836351442,-0.9999751216930877,42.42343,0.9573961,tran_LayGtKttTtVt,Lay,Sun Apr 26 12:00:44 2026,True
