,iptat_intercept,iptat_slope,iptat_rvalue,vctat_intercept,vctat_slope,vctat_rvalue,name,type,time,OK
0,61.31908581446713,0.6300930717410697,0.9889953138988706,736.5540478188846,1.251742965637344,0.9882554274366029,tran_SchGtKttTtVt,Sch,Fri Feb 13 10:37:54 2026,True
