,iptat_intercept,iptat_slope,iptat_rvalue,vctat_intercept,vctat_slope,vctat_rvalue,name,type,time,OK
0,3.7978520972943116e-06,-1.2545115930883913e-06,-0.7555701823854805,68.0234396134732,0.5507242840759462,0.7381968905735504,tran_SchGtKttTtVt,Sch,Fri Feb 13 18:49:14 2026,False
