,iptat_intercept,iptat_slope,iptat_rvalue,vctat_intercept,vctat_slope,vctat_rvalue,name,type,time,OK
0,0.5568320867770961,0.001093976645762647,0.9979098051566653,539.4285532556898,1.928586098318784,0.9993192249082753,tran_SchGtKttTtVt,Sch,Sun Mar  1 17:26:51 2026,False
