,iptat_intercept,iptat_slope,iptat_rvalue,vctat_intercept,vctat_slope,vctat_rvalue,i_act_25,i_leak_25,name,type,time,OK
0,2.4169472155530283,0.005710414944379607,0.9998250739898222,750.4362453029205,-1.7664415003471654,-0.9999712894260545,52.16732,0.3298452,tran_SchGtKttTtVt,Sch,Fri Apr 17 05:06:32 2026,False
