,iptat_intercept,iptat_slope,iptat_rvalue,vctat_intercept,vctat_slope,vctat_rvalue,name,type,time,OK
0,1.792698939613435,0.003941462063970113,0.9992335642566608,562.3402381857344,1.8623854757729403,0.9993115996294099,tran_SchGtKttTtVt,Sch,Sun Mar  1 18:58:23 2026,False
