,iptat_intercept,iptat_slope,iptat_rvalue,vctat_intercept,vctat_slope,vctat_rvalue,i_act_25,i_leak_25,name,type,time,OK
0,2.4169474233797703,0.005710403391883706,0.9998250443165577,750.4358945827362,-1.766442249338908,-0.9999712873118796,52.167570000000005,0.5938911,tran_LayGtKttTtVt,Lay,Thu Apr 16 17:15:14 2026,False
