,iptat_intercept,iptat_slope,iptat_rvalue,vctat_intercept,vctat_slope,vctat_rvalue,name,type,time,OK
0,0.00010668517559365004,-1.7075071917706665e-05,-0.6583659979550032,130.35557631695195,0.9289139639808011,0.9216078745421475,tran_SchGtKttTtVt,Sch,Fri Feb 27 11:20:04 2026,False
