,iptat_intercept,iptat_slope,iptat_rvalue,vctat_intercept,vctat_slope,vctat_rvalue,i_act_25,i_leak_25,name,type,time,OK
0,1.7754009894366198,0.003995447786720322,0.999674544265479,726.2949360328639,-1.8607605868544599,-0.9999750055830456,42.41025,0.47685679999999997,tran_SchGtKttTtVt,Sch,Sat Apr 25 19:53:33 2026,True
