,iptat_intercept,iptat_slope,iptat_rvalue,vctat_intercept,vctat_slope,vctat_rvalue,name,type,time,OK
0,1.822794936258625,0.004531976623079563,0.9998613174174552,563.5597814208379,1.8531315952498952,0.9992902513222678,tran_SchGtKttTtVt,Sch,Wed Mar  4 14:01:58 2026,False
