,freq_intercept,freq_slope,freq_rvalue,freq_max_abs_err_per_fs,i_vdd_70,i_leak,name,type,time,OK
0,1.8688896159820962,0.005487698266692126,0.9985991771712689,0.03309163806106415,88.62071999999999,18.01148,tran_SchGtKttTtVt,Sch,Mon Mar  9 02:11:00 2026,True
