,freq_intercept,freq_slope,freq_rvalue,freq_max_abs_err_per_fs,i_act_25,i_leak_25,name,type,time,OK
0,1.5169925364051158,0.0073294194945297516,0.9999729827533808,0.0041364101451478235,57.27893,0.8301246999999999,tran_LayGtKttTtVt,Lay,Thu Apr 30 22:34:45 2026,True
