,freq_intercept,freq_slope,freq_rvalue,freq_max_abs_err_per_fs,i_act_25,i_leak_25,name,type,time,OK
0,1.517309529894251,0.007325843120797325,0.9999759613746838,0.003516859120563371,57.27862,0.8177333,tran_LayGtKttTtVt,Lay,Thu Apr 30 12:18:08 2026,True
