,freq_intercept,freq_slope,freq_rvalue,freq_max_abs_err_per_fs,i_act_25,i_leak_25,name,type,time,OK
0,1.8193016598511051,0.008515224787433957,0.9999998331749657,0.00031206376118271957,56.86828,0.8331768,tran_SchGtKttTtVt,Sch,Sun Apr 26 10:31:51 2026,True
