,freq_intercept,freq_slope,freq_rvalue,freq_max_sq_err_per_fs,i_vdd_70,i_leak,name,type,time,OK
0,4361173229597.831,19440762808.92292,0.9977780332962342,0.04303431211309,115.66069999999999,0.0019349810000000001,tran_SchGtKsfTlVh,Sch,Fri Mar  6 14:15:40 2026,False
1,4361173229597.831,19440762808.92292,0.9977780332962342,0.04303431211309,115.66069999999999,0.0019349810000000001,tran_SchGtKsfThVh,Sch,Fri Mar  6 14:15:31 2026,False
2,4191851406989.2065,18783950418.595352,0.998349835450143,0.035883534595570185,97.87951,0.0018807879999999998,tran_SchGtKsfTlVl,Sch,Fri Mar  6 14:15:29 2026,False
3,4191851406989.2065,18783950418.595352,0.998349835450143,0.035883534595570185,97.87951,0.0018807879999999998,tran_SchGtKsfThVl,Sch,Fri Mar  6 14:15:23 2026,False
