,freq_intercept,freq_slope,freq_rvalue,pwr_25,name,type,time,OK
0,2065526053611.6892,67455543240.715706,0.9589878024751454,364.50126000000006,tran_SchGtKttTtVt,Sch,Fri Mar  6 12:45:11 2026,False
