,freq_intercept,freq_slope,freq_rvalue,freq_max_abs_err_per_fs,i_vdd_70,i_leak,name,type,time,OK
0,4.443455841383185,0.01957367173254172,0.9991432547086448,0.028635379794734607,104.23519999999999,18.696540000000002,tran_SchGtKttTtVt,Sch,Fri Mar  6 19:34:20 2026,True
