,freq_intercept,freq_slope,freq_rvalue,freq_max_abs_err_per_fs,i_act_25,i_leak_25,name,type,time,OK
0,6.498316391585648,-0.1080552217035294,-0.9997053330263975,0.014018969713221393,93.60524,0.2382818,tran_SchGtKttTtVt,Sch,Mon Mar 16 21:55:32 2026,False
