,freq_intercept,freq_slope,freq_rvalue,freq_max_sq_err_per_fs,i_vdd_70,i_leak,name,type,time,OK
0,4443455841383.186,19573671732.541718,0.9991432547086448,0.028635379794734607,104.23519999999999,0.01869654,tran_SchGtKttTtVt,Sch,Fri Mar  6 13:43:31 2026,False
