,freq_intercept,freq_slope,freq_rvalue,freq_max_abs_err_per_fs,i_act_25,i_leak_25,name,type,time,OK
0,1.8198704682899955,0.00851008987498622,0.9999996971490899,0.00038761257873207774,56.87771,0.7517478999999999,tran_SchGtKttTtVt,Sch,Sat Apr 25 20:06:28 2026,True
