,freq_intercept,freq_slope,freq_rvalue,pwr_25,name,type,time,OK
0,4513887190731.318,15864405142.779892,0.9813991291645474,211.85856,tran_SchGtKttTtVt,Sch,Thu Mar  5 16:59:47 2026,False
