,freq_intercept,freq_slope,freq_rvalue,freq_max_abs_err_per_fs,i_act_25,i_leak_25,name,type,time,OK
0,1.517309342137577,0.007326419848783429,0.9999760210009153,0.003517225547708669,57.28015,0.8308745999999999,tran_LayGtKttTtVt,Lay,Wed Apr 29 22:39:42 2026,True
